review,sentiment_predicted
"O note é bom, mas não superou as expectativas quanto a velocidade, por isso sugiro 8GB
",negative
"Ele corresponde ao valor pago. Custando em média R$ 2000, não encontraremos nada melhor.
",positive
"O notebook é muito bom, o Windows 10 ferra um pouco com a velocidade, mas isso é coisa do sistema operacional. Recomendo muito esse produto.
",positive
"O notebook tem uma tela enorme, muito útil para trabalhar e fazer trabalhos acadêmicos. É lindo...
",positive
"Muito bom ! Excelente notebook! Entrega rapida. Fiquei muito satisfeita.
",positive
"Excelente, é tudo de bom, já tenho um e não tenho do que reclamar...!
",positive
"Excelente produto superou todas as minhas expectativas. Excelente custo beneficio as <empresa> estão de parabéns, pelo produto, preço e entrega tudo perfeito.
",positive
"Ótima relação custo/benefício. O produto chegou em bom estado.
",positive
"produto chegou com defeito e ate agora não entram em contato comigo ligo e so fica em mensagem preciso de uma solução pois gastei 1749 reais não posso ficar no prejuizo
",negative
"Compra segura, entrega eficiente e produto de qualidade.
",positive
"Produto chegou antes do prazo. Até o momento um ótimo produto com bom desempenho. facilidade no uso e boa duração de bateria. Espero que continue a surpreender.
",positive
"NÃO USEI MUITO AINDA, MAS É LINDO E VAI ME AJUDAR MUITO NAS MINHAS TAREFAS.
",positive
"Gostei muito do produto é  leve e prático de carregar
",positive
"Estava receoso em comprar uma marca não tão conhecida no Brasil, como Dell e HP. Quando o produto chegou e comecei a usar percebi que é o melhor computador que já tive! Design, peso, tela, teclado, velocidade de processamento, tudo perfeito. Não pense duas vezes em adquirir. Já tive PC da Samsung que deu problema, da Toshiba e da Dell que deram problema, mas esse da Acer até agora está excelente.
",positive
"Estou gostando muito do produto. É leve, bonito e muito elegante. O Windows 10 é muito pratico e eficiente; quanto aos serviços das lojas <empresa>, um único comentário: NOTA 10
",positive
"O produto atendeu as expectativas.  A entrega foi feita antes da data aprazada A ùnica falha é que não tem indicação da letra maiúscula estar ligada e isso prejudica principalmente nas senhas
",positive
"Gostei chegou certinho e tudo conforme desejado. Ele um pouco pesado mas como e de alta performance já imagina que seria assim.
",positive
"Produto atende muito bem ao ofertado. Entrega rápida e eficaz. Super recomendo.
",positive
"Produto com tecnologia de ponta , muito  bonito designer, rapido, recomendo
",positive
"bateria de alta performace, leve e muito memória em HD, excelente compra
",positive
"O notebook chegou na minha casa apresentando defeito na tela. Percebi que o lado direito estava com uma mancha cinza. Depois de um tempo mexendo no notebook a tela ficou totalmente cinza, igual televisão quando sai do ar em filme de terror. E quando estava assistindo um video no youtube, fui colocar o fone de ouvido e o video desapareceu, só apresentava o som.  Péssimo produto, não recomendo. Passei muita raiva.
",negative
"Aparelho com belo design e muito fino e leve, até mais do que um ultrabook Asus que tenho. Mas é lento já na primeira utilização.
",negative
"A entrega foi rápida e o produto é bom. Atende muito bem quem tem necessidade de trabalhar e estudar por ele.
",positive
"muito bom, a um ano com ele, e não apresentou nem um problema
",positive
"Excelente qualidade, ótima configuração e o preço acessível. Estou muito satisfeita
",positive
"Super recomendo, muito versátil e de fácil uso!! Amei o formato, bem fino e leve. Parabéns!!
",positive
"Ele é bom para trabalhos escolares, pesquisas e ,jogos. Recomendo.
",positive
"Muito rápido, ótimo teclado, não trava com nada, melhor custo-benefício !
",positive
"As lojas <empresa> devia verde por este valor só o notebook de 4gb
",negative
"Gostei do produto, veio dentro do esperado leve para o seu tamanho ótimo sistema de som e ergonomia muito boa. Tempo de entrega muito bom antes do divulgado.
",positive
"Ótima qualidade,bom preço é fácil acessibilidade. Super recomendo
",positive
"Tem alguns comentários negativos aqui, mas oque acontece, quando vc compra o notebbok ele vem desatualizado e a primeiras vezes que vc liga o aparelho, ele vai ficar lento mesmo, porque esta fazendo atualizações, então não leve em consideração os seus primeiros usos do notebook. Passando o tempo de atualizações que podem durar de um a dois dias, este aparelho vai ser sim, rapido inicia rapido, entra em varios programas rapido, um otimo notebook, muito satisfeito com a compra, tenho varios programas pesados, como Corel, Vegas, photoshop, Sonar entre outros, basta ter um pouco de paciencia  nos primeiros dias e vai ver que fez uma ótima compra.
",positive
"Para uso de faculdade e trabalhos excelente,  Entrega no prazo,  Parabéns! !
",positive
"Computador é muito bom, atende bem as exigências. O índice de desempenho dele é ótimo.
",positive
"Ótimo produto! Recomendo entrega super rápida também!
",positive
"Otimo produto como anunciado, bom para dia a dia ...
",positive
"Não usei por completo ainda, mas parece ser perfeito.
",positive
"Comprei para meu olho e ele gostou muito!! Atendeu as expectativas dele para o estudo e para o lazer .
",positive
"Ótimo produto por um preço acessível. Mas precisei resetar pra poder utilizar. O ponteiro do mouse não respondia mesmo depois de fazer todas as configurações possíveis.
",negative
"NOTEBOOK FUNCIONANDO PERFEITO, BOM PRA VÍDEO, JOGAR E SERVIÇO COMUNS.
",positive
"Chegou antes do esperado e estou gostando do produto!!
",positive
"Não usei ainda a marca LENOVO.   Usei  ACER.  Gostaria de um outro ACER ou SAMSUNG.  Mas, creio que agora, todos são da mesma qualidade.  No que puder compro um.  Este LENOVO é exatamente tudo que quero.   Estou esperando um cartão de crédito.
",negative
"Comprei para estudar, ainda não instalei um único programa e ele  já está travando, pelas configurações deveria ser muito melhor. Compre de outra marca, pelo preço que paguei você consegue produto melhor.  Samsung nunca muda essa travação nojenta.
",negative
"Pena que não vem com reprodutor/gravador de dvd/cd.
",negative
"""É como sempre digo e defendo: para 90% dos usuários desse segmento, ter um """"i3+SSD"""" é infinitamente melhor do que um """"i5 ou i7+HD Convencional"""". O gargalos dos computadores atuais está no HD e não no processador. Essa máquina é assustadoramente rápida. Dica: comprem sempre notebooks com SSDs, pois HDs convencionais são lentos e ficam mais lentos com o passar dos meses. SSD é o futuro!!! Parabéns a VAIO por perceber essa necessidade de mercado. Somos carentes de notebooks com SSDs a preços acessíveis. Gostamos tanto desse modelo i3+SSD que já encomendamos outro. Forte abraço!""
",positive
"""No começo é meio Lento... mais depois de uns 10 dias de uso ele deixar de ser lento. Sem esquecer, de desinstalar """"Noton"""" que deixar ele muito lento.""
",negative
"Muitooo bom! A entrega foi rápida, o produto de ótima qualidade, corresponde as minhas necessidades.Recomendo.
",positive
"Estou muito satisfeita com a compra. Chegou em apenas 4 dias úteis! O laptop é leve e fácil de ser transportado. Como o meu objetivo era estudar para a faculdade, realizar pequenos trabalhos e assistir vídeos, o produto alcançou todas as minhas expectativas. Espero que se mantenha assim por um bom tempo.   Se o objetivo de uso for jogar ou utilizar programas mais pesados, ele pode começar a ficar lento, por conta das configurações que são de nível intermediário.   Por fim, ao comparar com outras marcas e configurações, na faixa de preço de paguei, essa é uma excelente escolha!
",positive
"Uso para estudar e trabalhar e o notebook é rápido e para mim funciona perfeitamente. A tela tem um tamanho ótimo e a bateria tem boa duração, apesar de não durar as 8 horas prometidas.
",positive
"Os produtos da Samsung são excelentes, particularmente amei o Notebook, leve, fácil manuseio, maravilhoso.  Recomendo
",positive
"Ótimo custo benefício para tarefas diárias, como pacote office, internet etc.
",positive
"Eu recomendo ótimo produto supriu milhas necessidades
",positive
"Gostei muito bom o produto, seria melhor ainda se já viesse com o windows 10 instalado!
",positive
"Chegou direitinho e antes do prazo.  Pesquisei muito e foi o melhor preço que encontrei. Valeu a compra!!
",positive
"Gostei muito do produto. Atende perfeitamente. Recomendo!!
",positive
"Meu computador veio com defeito e eu tenho MT necessidade de usar
",negative
"Comprei para estudar, muito bom. Já e o segundo notebook que eu adquiro da marca HP. Só a bateria que deveria durar mais tempo.
",positive
"Ótima aquisição, entrega dentro do prazo, estou muito satisfeita.
",positive
"Chegou tudo certinho e antes do prazo ! Produto excelente! Super Recomendo !
",positive
"Ele atendeu todas as expectativas que tive sobre a princípio.
",positive
"Produto péssima qualidade tela fica preta.. solicitei a troca que foi rápida porém outro que chegou péssimo botão emperrando. Naaaaaaao compra .
",negative
"Eu sempre gostei da marca Samsung. E este produto era exatamente o que estava procurando.
",positive
"Custo benefício perfeito. Entrega rápida e sem problemas.
",positive
"Ótima máquina! Comprei para a minha filha estudar. Apenas precisei mandar instalar o Windows, ainda assim, valeu o custo benefício. Notebook pequeno, leve e eficiente, bem como ela queria! Entrega super rápida! Superou as expectativas!
",positive
"Produto muito bom, entrega realizada dentro do prazo
",positive
"A entrega do produto foi realizada dentro do prazo, quanto ao produto, achei ele simplesmente incrível, atendeu a todas as minhas expectativas, o designer dele é maravilhoso, ele não é um notebook pesado, não faz barulho algum... uso ele para jogar e os jogos rodam perfeitamente... realmente ele é incrível e o preço é muito acessível. Adorei!
",positive
"Olá, gosto de comprar da loja <empresa>, porem este produto esta faltando informações Não tem informações sobre a bateria Não tem informações sobre leitores de cartão Não tem informações sobre conexões e outras estão faltando
",negative
"PRECISAVA DE UM P/INSTALAR UM PROGRAMA DE ESTOQUE E FINANCEIRO, NÃO COUBE NA MEMÓRIA, UM PROGRAMA PEQUENO.
",negative
"Os fabricantes deveriam se envergonhar em produzir algo tão fraco.
",negative
"É leve, a tela é maravilhosa e é muito rápido. A bateria dura bem e suporta vários programas pesados ao mesmo tempo (como InDesign e Photoshop). A entrega foi eficiente.
",positive
"Chegou com uma 1 semana de antecedência, ótimo preço e atende as minhas necessidades.
",positive
"A entrega foi rápida e o produto muito bom. E eu recomendo para outros clientes da <empresa>
",positive
"Recebi dentro do prazo estabelecido, chegou com boa embalagem. Produto dentro do esperado para um notebook básico. Tela e imagem excelentes, teclado bom, som razoável e bateria com duração de uma 5 horas ara consumo normal (sem jogos). Auto instalação muito rábida. Notei falta de alguns led's, como por exemplo do Caps Lock e Num Lock, mas nada que atrapalhe muito.  Para iniciar não é assim uma Ferrari de rápido, mas alguns sugundos a mais não matam ninguém.
",positive
"roda de tudo de pubg ate cs go muito parabéns 10/10 melhor em custo beneficio
",positive
"Recomendo a todos! Um maravilhoso produto, rápido, prático e super bonito. A entrega foi super rápida e todos acham lindo e com razão. Podem comprar sem sombra de dúvidas, é um excelente notebook, estou imensamente satisfeita!
",positive
"Pessoal, este notebook traz o Mandriva, SO desatualizado e com várias falhas de drivers. Além do mais, uma semana depois deixou de ligar! Um mês à espera de noticias da assistência técnica.
",negative
"Eu estou super satisfeita com a performance do computador
",positive
"Chegou antes do prazo e estou muito satisfeito com o produto. Recomendo.
",positive
"Computador leve, fino e rápido. Seu tamanho é perfeito (não é grande nem pequeno), além de ser extremamente bonito! Estou amando!! Era exatamente como eu esperava.
",positive
"Escolhi esse notebook por 3 motivos principais:  1) A marca é conhecida pela durabilidade 2) 500 MB,1 T e i5 por esse valor = compensa muito 3) Muito leve e fino Por enquanto está me agradando bastante, vamos ver a longo prazo.
",positive
"Atendeu minhas expectativas, produto muito bom, sem problemas.
",positive
"Sempre considerei a Positivo como uma das melhores opções de compra. A entrega do produto ocorreu dentro do prazo previsto.
",positive
"Produto de qualidade  Padrao Dell de sempre   Ótimo
",positive
"Vi algumas avaliações sobre o produto reclamando de lentidão, de falta de gravador de dvd, etc. Para a finalidade que eu comprei o notebook, ele me satisfaz plenamente. Não vou usar jogos nele, nem vou usar programas de design pesados.   Para o que quero: navegar na internet, fazer compras, administrar minhas contas bancárias, ele é bem rápido e seguro. Gostei muito.
",positive
"O produto é ótimo, lindo, está atendendo bem minhas necessidades. Só achei um pouco lento pra um i5.
",positive
"Muito bonito, leve, rápido e com bateria muito boa. Tela grande e está atendendo minha necessidade de desempenho para programas de engenharia.
",positive
"Produto ótimo de fácil acesso , única reclamação é que vem com uns aplicativos de fabrica na qual não achei útil
",negative
"""NO MEU USO DIÁRIO é bastante econômico com relação a bateria, já consegui quase 5 horas. Teclado é excelente, a tela antirreflexo é ótima mas tive que me acostumar pq não tem """"aquele"""" brilho, entretanto, não troco mais pq na hora do clarão ela salva. <3 Não travou nada, nem jogo e nem programas pesados. Vou de celular Lenovo Motorola e agora Notebook também. Super indico! obs.: não vá atrás de quem diz que a bateria é ruim (isso serve pra qualquer notebook) pois depende muito de como o aparelho será usado, caso vc compre um aparelho e não lhe agrade, tem alguns dias pra trocar. obs.: minha compra foi feita no guichê da <empresa> no shopping, adorei a rapidez da entrega e a maneira como foi possível acompanhar o pedido no aplicativo.""
",positive
"Excelente notebook para as tarefas diárias. Rápido e prático. E ainda roda vários jogos modernos.
",positive
"é um bom produto, tem um bom preço e beneficio, boa aparência.
",positive
"O computador é bom, vem com Windows 10 instalado. Design fino, fácil de transportar. Teclado com teclas separadas, o que facilita a digitação. A bateria é embutida, não dá para tirar e trocar, quando for preciso.   Como pontos negativos, ele não vem com CD de recuperação e o seu manual é genérico, escrito uma só vez para servir para vários modelos diferentes. Eu mesmo estou tendo dificuldade até agora para descobrir como faço no padmouse para simular os botões direito e esquerdo de um mouse convencional.   Mas, pelo preço, pode comprar que vale a pena.
",positive
"a placa mãe deu defeito e nem a samsung nem a <empresa> arrumam. computador não tem nem um ano. como vendem algo sem peça pra repor?
",negative
"em um otimo notebook não é aquele notebook que tu olha e fala NOSSA QUE NOTEBOOK FODAAA MEU!!!! mas da pro gasto,se tu quiser pra jogar ou algo assim eu não recomendaria pois não vai rodar muita coisa,mas se cs go for o suficiente pode pegar que vai tranquilo haha.
",positive
"Só deveria ter entrada pra cartão de memória, no mais tudo como descrito no anúncio
",positive
"Gostei muito bacana msm,leve definido design perfeito
",positive
"O produto é excelente para quem quer praticidade e seus componentes otimos, o preço melhor ainda.
",positive
"Adorei. Ótimo desempenho  Leve Responde super rápido.
",positive
"Muito bom, apenas travou a primeira vez que liguei!
",positive
"NOTEBOOK MUITO LENTO, PIOR DO QUE UMA CARROÇA. HORRÍVEL. UMA PENA NÃO PODER DEVOLVER. PENSE NUM ARREPENDIMENTO... MUITO RUIM..... NÃO RECOMENDO NEM PRO INIMIGO.....
",negative
"Super recomendo pra uso básico notebook Tá ótimo o ruim é a bateria que dura pouquíssimo tempo e resto td de bom
",positive
"Gostei muito do notebook, estou com quase 1 mês de uso e só não gosto do windows 10, horrível esse sistema operacional. Sugiro que assim que comprarem o note desativem todos os recursos de atualizações automáticas para evitar dor de cabeça. E sim, o note faz um barulho vindo do HD, mas não me incomoda nem um pouco, sendo que uso o mesmo com fones de ouvido e nem acabo ouvindo. Fora isso é um note muito bom.
",negative
"Pelas especificações do produto achei que seria melhor porém é lento para fazer coisas básicas... será que posso me arrepender da compra ainda?
",negative
"comprei achando que seria muito bom, porém tive o desprazer de  ter um produto que não superou minhas expectativas, depois de uns 8 meses de uso apareceu umas machas no display e  desde quando comprei percebi uma lentidão fora do comum ao inicializar e em alguns momentos o mesmo trava e não funciona de forma adequada como deveria, por isso não estou falando que o produto em si é ruim, foi o meu que veio com algum problema de fábrica pois já utilizei outras versões e não tenho do que reclamar porem essa pra mim me decepcionou.
",negative
"ESTOU MUITO SATISFEITO COM ATENDIMENTO <empresa>!
",positive
"É um ótimo notebook, leve, rápido e o melhor ainda tem uma secretária virtual
",positive
"chegou no dia combinado,não tive nenhum problema com o aparelho adorei o produto e como eu queria,obrigado.  Vocês estão de parabéns em atendimento
",positive
"Amei o computador, cumpre com o proposto, chegou bem antes do prazo. A única coisa que pecou foi que no site não informava que ele não possuía saída VGA, ou seja, se você precisar conectar a um monitor que ainda não tenha entrada HDMI, terá que comprar um adaptador e/ou desistir.
",positive
"Produto recebido conforme descrição, tem excelente qualidade. Recomendo!
",positive
"Tudo certo. Chegou antes do prazo. Produto perfeito.
",positive
"Super satisfeita com o produto, muito bom o desempenho e a entrega da <empresa> foi super rápida!
",positive
"Produto excelente, perfeito para mim que o uso para estudar.
",positive
"Atende as expectativas.   Ótimo custo x benefício. Satisfeito até o momento.
",positive
"Mochila muito boa, espaçosa, coube sem problemas meus materiais de informática, ajudou bastante pra carregar o notebook, recomendo sem dúvida
",positive
"Excelente produto, indico com certeza! Entrega dentro do prazo! Parabéns!
",positive
"Produto excelente e entrega muito rápida! Produto cumpre o que promete.
",positive
"Gostei muito do produto, entrega rápida, bom atendimento.  Parabéns continuem assim!!!
",positive
"gostei muito vale apena comprar! Chegou muito antes do prazo
",positive
"Gostei muito desse notebook, comprei para poder estudar e para fazer isso está de bom tamanho!!!
",positive
"Procurava um notebook barato e eficaz para alguns trabalhos caseiros. Este aí foi bem recomendado pelo técnico meu amigo e não decepcionou. Dentro de seu hardware ele é até veloz. E vem cumprindo bem seu propósito. Bem configurado, razoavelmente leve, conexões que funcionam. Recomendo, sim!
",positive
"Excelente o produto.. sempre compro aqui pq são rápidas as entregas vcs são ótimos no atendimento.  Parabéns ótimo atendimento.
",positive
"Atende minhas necessitades, estou utilizando para trabalhos univeritários
",positive
"Amei amei amei, muito bonito, rápido e eficiente, recomendo com certeza foi uma boa escolha.
",positive
"Ótimo produto, valeu muito a pena o investimento !
",positive
"Ótima maquina para se trabalhar ou utilizar para fins académicos. Recomendo para quem comprar, apenas que desativem essas atualizações automáticas do windows 10 que encomodam muito. No youtube ensina como.
",positive
"Umá ótima máquina, ótimo custo x benefício. Uso para jogos e trabalho, excelente desempenho. Recomendo
",positive
"Produto chegou antes do prazo, ótimo notebook, atende as necessidades diárias. pena não vim com o pacote office.
",positive
"Recomendo, pena que o Office e o antivírus e teste gratuito 30 Dias...
",negative
"Rápido, leve e bonito. Atende as necessidades de um user intermediário.
",positive
"Gostei bastante do notebook, mas acredito que poderia mais rápido.
",negative
"o produto corresponde ao anúncio,é fácil de manusear, leve e moderno. O único problema é a transportadora,que não fornece dados reais no site...
",positive
"Ele é muito lento, estou bem insatisfeita. Deveria ter investido mais e comprado de 8 GB de ram
",negative
"Produto atendeu minhas expectativas, gostei do teclado numérico e de já vir com operacional Windows
",positive
"Para que eu pudesse avaliar como excelente, teria 6 de manter o gravador/leitor de CD/DVD, está muito cedo para remover tal função do equipamento.
",negative
"Produto muito bom, leve e tamanho ideal. Rápido e bonito.
",positive
"Muito bom, só não gostei porque véi com o Linux....
",negative
"Realmente o produto é de boa qualidade e chegou em uma semana. Recomendo!
",positive
"Atendeu minhas expectativas dentro do que me propus investir. Atende minhas necessidades. Entrega surpreendentemente rápida.
",positive
"Notebook com performance ótima para esta faixa de preço. O processador i5 da oitava geração junto com a Geforce 150MX realmente surpreendem. Se você está atrás de um note com velocidade e não se importa muito com Full HD, pode comprar sem medo. Não é à toa que o preço disparou e os estoques secaram em poucas semanas após o lançamento.
",positive
"Comprei já tem uns meses e estou amando.. não trava.. o que é maravilhoso kkkk.. audio com volume muito bom, resolução maravilhosa; a única coisa que tenho a reclamar é sobre conectar ao wifi.. demora um pouquinho, porque fica dizendo que está com sinal fraco, ou que a internet caiu, porém os outros aparelhos da casa estão conectados e funcionando perfeitamente; mas após algumas tentativas ele funciona perfeitamente.. Recomendo bastante, sem contar no prazo de entrega da amaricanas que está mais que de parabéns, meu produto não só chegoi no prazo, como dias antes do prazo. Parabéns!!
",positive
"Melhor note na categoria, comparado custo x benefício. Muito bonito o design. Contra o teclado americano, questão de acostumar.
",positive
"O produto é ótimo, atendeu muito as minhas expectativas está servindo demais para os trabalhos da Universidade!
",positive
"O notebook já chegou pra mim com defeito, não ligava.
",negative
"O pc parecia ser bom mas travou geral durante uso de programa de edição de vídeo. Tive que resetar a bateria. Tentei 4 vezes mas não deu certo. Tentei trocar mas a americas disse que não tinha o produto em estoque.
",negative
"ainda nao posso recomendar. o notebook nao reinicia ado clicar no reiniciar ele simplesmente desliga sozinho. na a tualizaçao demorou 24 horas e pede para reiniciar e nao reinicia.
",negative
"Cheguei neste modelo depois de um bom tempo de pesquisa e para mim é o melhor custo benefício para quem quer um note leve com boas especificações. Depois de pouco mais de um mês de uso, o desempenho dele está atendendo muito bem minhas expectativas. A única coisa que posso mencionar com ruim do que usei é o leitor de digital, dificilmente consigo abrir o pc com ele porque sempre dá que minha digital não foi reconhecida, mas isso, é um detalhe que não atrapalha minha boa avaliação do produto.
",positive
"Produto ótimo de boa qualidade e desempenho recomendo.
",positive
"Chegou rápido e o equipamento é muito bom pra quem não pretende carregá-lo pra cima e pra baixo.
",positive
"Excelente produto, marca e qualidade. No começo estava bastante lento por causa de inúmeros aplicativos ACER instalados, fiz a remoção de 90% desses aplicativos e o PC funcionou corretamente. Recomendo este produto.
",positive
"O produto já chegou apresentando um problema de desligamento. Mas as lojas <empresa> resolveram meu problema aceitando a devolução.
",negative
"Entrega dentro do prazo, recomendo ótimo produto. Não irão se arrepender
",positive
"Maravilhoso!!! Chegou antes da data estimada. Recomendo!
",positive
"Computador bem bonito, tela com ótima resolução, super adequado para funções básicas do cotidiano, atende super bem às minhas necessidades. Entrega foi mais rápida do que o prazo dado.
",positive
"Produto muito bom, porém o HD faz um barulho bem chato. Coloquei um ssd e ficou excelente!
",negative
"Muito lento, trava as vezes, não entrega o que promete nos anúncios.
",negative
"Maravilhoso, amei demais! Super recomendo. Gostei muito do produto!
",positive
"Não usei nem 5 vezes e o notebook não liga mais! Muito lento! Não recomendo!
",negative
"Produto atendeu minhas expectativas! A marca promete e cumpre!
",positive
"Ótimo notebook, tela muito boa. Atendeu minhas espectativas!
",positive
"Excelente equipamento. Me surpreendi porque não esperava que o equipamento fosse tão bom e tão fácil de me adaptar. O touchpad é excelente e já vem configurado para o Windows 10, os gestos são intuitivos e você vai aprendendo aos poucos a usar. Excelente produto Recomendo.
",positive
"O notebook é tão ruim que dá raiva acessar qualquer pagina de tão lento. Não gostei e não recomendo.
",negative
"Baixíssimo custo ao se comparar com o benefício, tem uma ótima qualidade gráfica para realização de tarefas simples, por exemplo assistir Netflix em Ultra HD, vídeos com qualidade igual ou superior a 1080p, jogos como League of Legends. Roda DAWs leves, como o Reaper, também faço edições simples no Adobe Premiere Pro CC, mas a partir daí e o processamento não aguenta e o funcionamento do Pc fica sofrível. Mas é um PC de menos de 2000$., portanto o benefício é ligeiramente maior que o custo.
",positive
"Equipamento bom, rápido e bem leve para transportar. Porém comprei o Office 365 que terei que obter outro daqui há um ano. A Samsung poderia buscar uma forma para que seus clientes obtenha atualização do office sem ter que pagar novamente.
",negative
"O computador é lento, já tive um I3 antes da LG, e gostei muito da versatilidade, bateria, e velocidade de processamento! O note da Samsung me.decdpcionou, é uma vida para abrir aplicativos e entrar na internet!
",negative
"Como você compra um produto e ele não liga? O pior é que disseram que não posso trocar por outra marca, tenho que aguardar o conserto dessa porcaria! Não comprem pq POSITIVO é só dor de cabeça!
",negative
"foi fácil de de comprar a entrega foi dentro do prazo e o produto é muito bom
",positive
"Excelente desempenho, designe irado e preço muito justo. Super recomendo!
",positive
"Bom, leve e pratico, para quem usa para tarefas diárias.
",positive
"""O produto em si é ótimo. Não escolhi essa marca atoa....pesquisei etc. Só que a tecla da letra """"R"""" veio COMPLETAMENTE SOLTA......Nem pude pensar em devolver, pois estudo on line usando usando o notebook e também para trabalhar. Tenho medo de colar e piorar o negócio. Sigo usando assim. Só me chateia que não pagamos barato, ou pode-se dizer que é o valor do mercado, em suma, não é brinde, não é cortesia, para vir com algo danificado.""
",negative
"Nos primeiros dias estava travando muito, mal dava para abrir as aba de internet, mas depois que atualizei o windows 10 só falta levantar voo ficou tudo rápido sem nenhuma travada, testei far cry 5 e rodou sem problema algum, excelente produto.
",positive
"Produto muito bom, compatível com o que procurava.
",positive
"Produto chegou em perfeito estado.Recomendo,pois é do jeito q eu imaginava.Totalmente satisfeita!
",positive
"Comprei um mês passado e com 11 dias deu problema, foi para a garantia e trocaram a placa mãe, voltou e semana passada deu problema de fabricação na tela, falaram que o problema não está coberto pela garantia e pediram para ligar para fazer um orçamento, vou ter que pagar para consertar um problema de fabricação deles, é muito descaso com o cliente, existem marcas que estão melhores que eles, inclusive no pós venda. Paguei caro para ter um computador bom e que não daria dor de cabeça mas fui enganado por esta falsa impressão, o caro saiu caro.
",negative
"Notebook bom para usar em casa, ver filmes e acessar a internet, além de ser super leve.
",positive
"Está funcionando perfeitamente, chegou na data prevista, um ótimo produto.
",positive
"O computador está travando as teclas e escurecendo a tela, não tem nada nele e já está com a memória cheia! Eu quero fazer a troca!
",negative
"Só o Windows e suas atualizações já ocupam todo o espaço da memória
",negative
"Corresponde todas as características e espectativas. Muito bom!
",positive
"Não é o que desejei, por isso optei pela devolução, obg.
",negative
"Já fiz uma avaliação e foi apagada, mais vou insistir em outos meios.         Notebook travou com dois diad de uso- muito ruim    Deposito da <empresa> em Seropédica e criente morador de Nova Iguaçú e eles só entregam com o prazo combinafo de quinze dias uteis e não adianta reclamar. Demoram muito pra entregar o produto - sem mais.
",negative
"Não deveriam anunciar como notebook, produto muito ruim
",negative
"Produto lindo, leve e funcional. Entrega super rápida. Recomendo!
",positive
"Bom notebook para estudos e pesquisas na internet. Tem um bom processador que consegue suportar uma boa quantidade de jogos.
",positive
"""As imagens das especificações técnicas do produtos são completamente incoerentes ao produto entregue.  Isso é questão de falta de ética da empresa e de incapacidade de garantir o produto final conforme a foto, ou seja, apenas uma forma de """"Phishing"""" sobre os panos, aonde eles culpam os fornecedores pelas imagens divulgadas EM SUA PÁGINA.  A Tela não é Full HD como diz a imagem principal do item E as configurações da imagem ? Esquece, não existem e não são aquelas.  Uma pena, a credibilidade de vocês morreu pra mim e para todos que conheço e que viram a historia de perto.  Espero que esse comentário a respeito do produto ajude a pessoas não terem o mesmo problema que o meu.  Obrigado a todos, e <empresa> seu serviço foi bem péssimo nessa situação.""
",negative
"ótimo para desenvolvimento, leve e portátil, e bonito.
",positive
"Até o momento já passou 1 mês está tudo bem, principalmente depois que passei para o outro Linux chamado Fedora !
",positive
"Produto da linha samsung de excelente qualidade. Entrega foi muito rápida e atendeu as minhas expectativas. Compro outo e recomendo. Sempre compro com as <empresa>.
",positive
"O bom produto para usar no dia a dia, é rápido para executar trabalhos básicos, assistir vídeos, etc.
",positive
"Por hora tenho utilizado apenas para fazer curso online e navegar na internet. Para este propósito ele está aprovadissimo.  Mas comprei para editar vídeos. Mais ainda não utilizei para o mesmo, portanto não tenho como avaliar.
",positive
"Chegou na data correta. produto excelente. Recomendo. Era o que eu esperava.
",positive
"Nao comprem. Porque dao o prazo de entrega  e nao cumprem . Entregam quando querem deceoxao total
",negative
"Sem reclamações! Um dos melhores do mescado. Sem duvida um excelente compra pra quem quer um notebook completo.
",positive
"Notebook Perfeito, ele vem com linux, mas ai é só colocar o windows 10(ou o sistema operacional de sua preferencia), ele é super rápido, se for para usar para atividades normais como Youtube, Google, Facebook) funciona muito bem e se for para jogar, roda liso o Euro Truck Simulator 2 versão 1.1.1 no gráfico alto, e a entrega foi antes do prazo previsto.
",positive
"Esse laptop atende minhas necessidades presentes e futuras
",positive
"Gostei muito, vai ajudar bastante no meus trabalhos.
",positive
"Comprei focando em edição de vídeo e fiz a escolha certa!
",positive
"Ótimo custo beneficio. Na cor branca é lindo. Chegou bem rápido
",positive
"""Aí você pede a entrega rápida, porque está com mais """"urgência"""" e o prazo está de 6 a 8 dias úteis, hoje tem 10 dias úteis contando um dia após a confirmação da compra e ainda não chegou, sem contar que a previsão no site era 03/05 e não chegou nada em casa, péssimo atendimento!""
",negative
"Gostei. Ótimo notebook, atende todos os meus requisitos. Ótimo desempenho. Consigo jogar meus jogos tranquilamente.
",positive
"Ótimo e bonito. Bem grande porem faz bastante barulho
",positive
"Notebook com ótimo preço, boa configuração. A bateria poderia durar mais tempo e o fio do carregador deveria ser maior.
",negative
"gente sempre compra nas lojas <empresa> se recomendo que vc comprei
",negative
"Produto conforme o anúncio, chegou antes do prazo e atende as expectativas.
",positive
"Gostei muito do notebook, não concordo com o Windows 10 ser tão lento para tudo. Fora isso está certo.
",negative
"Existem 3 entradas USB (Uma delas é USB 3.0, Existe 1 entrada de internet LAN, Entrada para fones de ouvido (entrada para  fones de celulares), Entrada para CD/DVD e mais
",positive
"Atendeu as minhas expectativas. Um ótimo notebook para quem quer usar para trabalho ou lazer.
",positive
"Atende as expectativas e a entrega antes do prazo!!! Produto leve, qualidade de som e resolução
",positive
"O notebook é de excelente qualidade e desempenho. O serviço das lojas <empresa> foi excelente, o produto chegou mais rápido que o previsto.
",positive
"Excelente produto, com desempenho maravilhoso. Com certeza acertei na compra.
",positive
"Muito ruim trava usei 5 vezes e agora não liga mais
",negative
"Gostei do produto, superou as expectativas, parabéns.
",positive
"Não preciso de grandes recursos porém não queria um computador que fosse defasado. Liga rápido e de fácil entendimento no primeiro uso.
",positive
"O produto possui excelente desempenho representando ótima relação custo benefício.
",positive
"Levissímo, super estiloso e com ótimas funções. Super recomendo!
",positive
"Muito prático e fácil de usar.  Além disso o equipamento  é   leve e com designer muito interessante.
",positive
"Gostei muito remcomdo produto de ótima qualidade show de bola
",positive
"""Estou com o PC a poucos dias e não tive nenhum problema. Notebook liga extremamente rápido, tem uma assistente eletrônica que auxilia bastante nas dúvidas e pesquisas. É mais bonito do que na foto, com certeza. Enfim, cumpre o esperado para um PC com essas configurações e possui diversos """"plus"""" do fabricante, por isso, recomendo.""
",positive
"Com duas semanas de uso o produto tem se mostrado eficiente, bateria chega a durar por muitas vezes até bem mais do que as 7h que o especificado, é bem silencioso, rápido (removi alguns programas que não servem para nada a não ser deixar a inicialização lenta),  instalei GTA 5 e roda muito bem, tem entrada para instalação de ssd m.2, áudio acima da média. Único problema que encontrei foi em relação a tela possuir o branco amarelado e isso atrapalha muito pra quem edita fotos, entrei em contato com a acer a qual afirmou que isso era normal, espero não precisar do suporte deles pois tem um péssimo atendimento. A <empresa> me atendeu super bem e resolveu trocar mas preferi ficar com o notebook pois procurando no youtube vi que é possível melhorar a qualidade da tela fazendo a calibração do vídeo. Entrega foi super rápida.
",positive
"O produto é muito bom, mais é meio lento para algumas coisa!
",negative
"Para usuários com poucas necessidades,  este notebook é ótimo.
",positive
"Recomendo com certeza, muito bem nas tarefas do dia a dia.
",positive
"O produto é  bom, só  demorou um pouco mais pra chegar, mas está  tudo muito bom.
",positive
"O not é muito bom, mas axo que a tampa que fecha ele deveria ser mais firme, quando coloco ele em uma posição que não seja de uso a tampa fica semi aberta, parecendo que tem uma mola que ta com defeito. fora isso é bom.
",negative
"Tudo o que eu esperava, por um preço que vale. Resta saber a durabilidade.
",positive
"Para as configurações apresentadas e realização de tarefas diárias e estudo universitário atende muito bem as expectativas.
",positive
"Comprei e uso o computador há cerca de 1 mês e sábado ele simplesmente não ligou. Agora me vem o transtorno de ter que ir atrás de garantia, sair no horário de trabalho pra levar em assistência e ainda correr o risco de perder todos os documentos que estavam no computador. Até falaria que é o barato que vai sair caro, mas 1000 reais pra mim faz diferença, então não é barato pela péssima qualidade.
",negative
"Quem precisa de um computador que seja realmente para trabalho, que é o meu caso, não deixa a desejar em nada.
",positive
"comprei o produto no dia 24/04 e ate agora nao me entregaram sendo que optei por pagar pelo frete expresso , total desrepeito com o consumidor !!
",negative
"Muito lento, Não faz nem um mês que comprei e não baixei nada e já diz que não tem espaço para atualizar
",negative
"Bom acabamento, bom desempenho, bom prazo de entrega, estou satisfeito.
",positive
"Produto em perfeitas condições e entrega antecipada.
",positive
"Comprei pela confiança na marca Dell. E até agora não tem me decepcionado. Lindo e eficiente.
",positive
"Otimo e muito lindo mas o envio te que ser mas rápido
",negative
"A Bateria nao funciona e ate hoje espero a troca.. ja faz algumas semanas e nao aparece o tecnico da dell pra agendar
",negative
"Perfeito, com exceção de ser fino demais, então acaba esquentando quando vc usa algo mais pesado, como um jogo no máximo. Mas provavelmente vc vai estar em casa e deveria estar usando um cooler externo ou um suporte com cooler. Resolve.  O custo benefício daria uns 9.8. Meio caro, mas vale totalmente a pena. Difícil achar um note com o mesmo hardware por menos de 5k, mesmo montando. E já vem com tudo, então basta usar. E levar por aí, pq com 2kg e fino desse jeito, vc nem sente na mochila
",positive
"Excelente custo beneficio já que é mais barato por vir com linux(Satux linux). O código de rastreio não funcionou nenhuma vez e quando vi o produto já estava chegando, mas fora isso o produto é de qualidade e vale a pena.
",positive
"Comprei o notebook a mais de 20 diass e ainda não foi gerada nem a nota fiscal!
",negative
"Achei muito leve, excelente processador,  Chegou perfeito e antes do prozo combinado. Super recomendo.
",positive
"Ele tem o processador Linux e não consigo usar para algumas funções de estudo. Tentei por varias vezes entrar em contato com a Positivo e com o seguro para saber se posso mudar de Linux para Windows porém não consigo contato.  Infelizmente esta sem muito uso, pois não tem as mesmas funções do Windows e os programas do portal da faculdade não roda bem com esse processador.
",negative
"Produto muito bom preço benefício Anericanas está de parabéns chegou antes do previsto
",positive
"Leve, prático, comprei para estudar. Estou gostando muito! Chegou bem antes da data prevista!
",positive
"excelente para o uso trabalho e para jogos pesados
",positive
"As lojas <empresa> não está cumprindo prazos, não como antes quando o serviço era impecavel. Não recomendo comprar nesta loja, sobre o notebook nem sei, não recebi ainda
",negative
"Por enquanto não estou tendo problemas. Meu uso é cotidiano e a máquina é responsiva. A única coisa que não gosto é a qualidade da tela. Apesar de ser Full HD, o visor tem brancos muito fortes, e os ângulos de visão são reduzidos. Tem que ficar o tempo todo ajustando a tampa pra obter uma visualização adequada. A bateria dura bastante se usar os modos de economia da Samsung. O teclado é bom. E nem da pra escutar o ventilador rodando. Super silencioso. O que gostei muito é que ele vem um um atualizador de drivers e bios, deixando sempre o pc atual. Recomendo o produto.
",positive
"Comprei um notebook DELL em fevereiro de 2018, exatamente pela certeza de estar comprando algo de qualidade, paguei mais caro por isso, más para minha negativa surpresa, o meu notebook STI (dualcore) de 8 anos de uso tem um melhor desempenho que este I5 da DELL, vi que existem diversas outras reclamações no mesmo teor junto ao RECLAME AQUI e todas versando as mesmas dificuldades e insatisfações com o produto e com o pos-venda,  Desta forma registro aqui minha decepção com a DELL e seu produto e aguardo resolução o mais rápido possivel.     OBS: DIGO PARA TODOS OS CONSUMIDORES QUE PENSAM EM COMPRAR ESTE NOTEBOOK, EU PESQUISEI ANTES E VI ALGUMAS RECLAMAÇÕES, PENSEI QUE ERAM CASOS ISOLADOS, MÁS COMPREM OUTRA MARCA OU PELO MENOS ARRISQUEM EM OUTRA SERIE DE NOTEBOOKS, ESSE É UM LIXO.
",negative
"O notebook tem ótimo desempenho e atende às minhas necessidades, exceto por não possuir driver de cd e dvd. Tirando isso, gostei muito, ele é muito lindo!
",positive
"""até atende as necessidades mas achei ele meio frágil e meio """"podre"""" por dentro""
",negative
"O notebook chegou antes do prazo, e ele veio perfeito sem defeito nenhum, recomendo.
",positive
"Perfeito. Trabalho online, jogo online. Fácil intalação fácil acesso. Tela grande muito boa, leve fácil de carregar. Só tenho elogios para fazer.
",positive
"COMPREI QUANDO MENOS ESPERA  UM PIXEL NA TELA  E RUIM QUE ATRAPALHA
",negative
"Notebook que atende às expectativas de usuários que o utilizam para pesquisar e produzir e editar documentos e planilhas.
",positive
"como sempre amo comprar na <empresa> entrega antes do prazo parabéns.
",positive
"Antes de comprar olhei no site e consta que eles tem driver para windows 7 64 bits, porem ao instalar outro sistema operacional, não reconhece os drivers  de wifi nem de USB.  Entrei em contato com o suporte e o mesmo informou que o que ta lá é o que tem ,  e que não podiam fazer nada!   É complicado uma empresa que fabrica os aparelhos fala que tem os drivers, mas não tem.
",negative
"Produto correspondeu as expectativas. A entrega foi antes da data prevista.
",positive
"Produto otimo e com designer maravilhoso, é super eficiente e roda jogos bem pesados. Aprovado!
",positive
"É  uma bela máquina. Preço bom. Atendeu perfeitamente.
",positive
"Notebook rápido, posso deixar várias janelas abertas e mexer em todas sem problemas! Só travou uma vez desde a compra, por motivos que ainda não descobri, mas só reiniciei e não tive mais problemas! Estou usando o note a aproximadamente dois meses, e estou muito satisfeita com sua performance!
",positive
"Uso mais para pesquisa e para trabalhos da faculdade, e estou muito satisfeita com o notebook! É rápido, não é muito grande (bom para transportar) nem pequeno demais. A bateria dura bastante tempo e carrega rápido. Só achei ele pesado.. mas não influencia na minha opinião sobre o notebook. Recomendo!
",positive
"produto muito bom, e muito rapido a entrega eu recomendo.
",positive
"Gostei muito do produto. Leve, pequeno, bonito, não esquenta e boa bateria.  Bom desempenho para o essencial. Para jogos mais simples, atende bem.
",positive
"Eu gostei do serviço da maneira façil de comprar sem ter que sair de casa .e a entrega também foi bem rápida parabéns.e eu recomendo
",positive
"Comprei estou bastante satisfeito recomendo só estranhei um ant-viros que tinha comprado, ficava travando mas troquei o ant-viros aí ficou ótimo os produtos da samsung são ótimos tenho vários.recomendo.
",positive
"Até agora correspondeu a expectativa.  Acabamento fino. Estou gostando muito até agora!!
",positive
"Comprei este notebook para substituir um Asus cansado de prestar bons serviços (mas ainda funcionando, tanto que irá para minha filha). Embora ainda com poucos programas instalados por mim, o Samsung trava a todo instante. Desinstalei o antivírus McFee que veio instalado, temendo que houvesse conflito com o Defender. De nada adiantou. Suspeito que haja tantos programas inúteis para mim instalados que o desempenho seja muito baixo. Involuímos.
",negative
"Ótimo custo beneficio, uso diariamente para trabalhar externamente e achei excelente: bateria, peso e velocidade. Fiquei totalmente satisfeito com à compra.
",positive
"""Notebook Samsung Essentials E34 Intel Core i3 4GB 1TB Tela LED FULL HD 15.6"""" Windows 10 - Branco  www.magazinevoce.com.br/magazinevendarapido/""
",positive
"Produto muito bom, pena que a entrega deu uma boa atrasada, tirando isso, tudo certo
",positive
"O notebook n passa confiança,  temos a impressão que a qqr momento ele pode dar defeito, parece que foi feito nesse intuito,  n colocaram nada de qualidade nele. Por enquanto funcionando,  mas em uma vez demorou muito para ligar.
",negative
"Amei a cor,design, entrega super rápida. Usei pouco mais, gostei muito!!!
",positive
"Ótimo produto. Chegou antes do programado. Super recomendo.
",positive
"Com 43 dias de pouco uso, deu defeito, tentei trocar ou devolução do dinheiro mas não estou conseguindo. Comprei no Shoptime.
",negative
"Bom custo/benefício. Satisfaz para atividades corriqueiras.
",positive
"Ideal para a utilização de programas como o arcgis e Qgis. Utilizo imagens pesadas para as atividades de geoprocessamento, e o notebook sustenta toda esta demanda. Ainda não utilizei o notebook para jogos, mas creio que rode muito bem!
",positive
"É muito bom, chega antes do prazo estabelecido e atende minhas necessidades.
",positive
"mal chegou e ja chegou estando com vários problemas, um dele era a tela que estava com problema, não recomendo essa bomba pra ninguém, péssimo produto
",negative
"Trava muito.  Usa 3.0 não presta para HD externo, na transferência de ficheiros superior a 1,8 gb ela desconecta o dispositivo constantemente. Da muito bug no sistema, necessitando constante inicialização.  Não possui led para tecla capslook, vc tem que problemas na hora de digitar senhas.  Resumo da ópera quem compra vai passar raiva.
",negative
"Ótimo produto,me surpreendeu com tamanha qualidade
",positive
"Produto maravilhoso, chegou mto antes da data prevista, estou amando.
",positive
"Quero meu dinheiro se volta. Só isso!! Seu parceiro não me entregou o produto. To em processo de devolução do meu dinheiro.  E vcs sabem disso!!
",negative
"Não recebi produto. Depois de uma espera de 38 dias, pedi o cancelamento, pois já tinha passado o passo de entrega. Um descaso do consumidor, por colocar lojas parceiras que não cumprem corretamente com o consumidor.
",negative
"Recomendo, excelente atende minhas necessidades. Pra quem precisa de um notebook intermediário é uma boa opção.
",positive
"Comprei o produto considerando a marca Dell, porém não gostei, inicialização muito lenta e agora que completou os 12 meses da garantia, o produto começou apresentar falhar. Arrependimento total!!! Não compre, Dell só tem nome.
",negative
"amei, e quem comprar vai se apaixonar, tinha muito medo de comprar pela internet, mas vi que é muito seguro.
",positive
"Atendeu minhas necessidades um ótimo produto e a entrega muito rápida
",positive
"Material do produto parece descartável, pelo preço e pela marca se esperava algo melhor, a carcaça da impressão que é ressecado o plastico, tem que ter muito cuidado no manuseio para não danificar o produto, comprei e me arrependi, fazer o que né... agora engoliar o sapo e torcer pra não dar problema, tenho um sony vaio que já esta comigo em uso há quase 11 anos, material super resistente já caiu no chão e ta inteiro.... já esse aqui.... nem precisa cair no chão o simples fato de abrir a tela já corre o risco de danificar então fica a dica todo cuidado é pouco.
",negative
"netbook  muito ruim pequeno programação ruim  windo 10 muito ruim.
",negative
"OTIMO PRODUTO CHEGOU ANTES DA DATA TUDO CERTO.. PRAZO RESPEITADO E PRODUTO MUITO BOM, OTIMO CUSTO BENEFICIO
",positive
"Muito ruim não compre propaganda enganosa nxkskowoksnxxnnxncjcmd Nxjxnnxxxnxnxnncncmckmcc Dnxjxkcmmxmxmddd
",negative
"não recebi ainda, não tenho como avaliar, comprei para ser entregue em 36 dias e após a compra e o pagamento fui informada da mudança da entrega para praticamente 60 dias.
",negative
"Recomendo o produto Samsung Notebook e a entrega foi feita dentro do prazo.
",positive
"chegou super rápido, estou mega feliz, porque me entregaram em menos de dez dias mesmo com a previsão só pro dia 16 de junho recomendo demais
",positive
"gostei muito do produto, pena que não vem com o pacote da microsoft
",positive
"aparelho maravilhoso, entrega rápida parabéns estou muito satisfeita.
",positive
"Eu adorei, a tela é grande e não é dificil de utilizar
",positive
"Por esse motivo esse produto e de péssima qualidade  eu paguei à vista 2.063.99, só deu prazo de garantia consumidor, achando que fez uma boa compra , quero um reparação deste produto   deu problema no HD e bateria.  Atenciosamente:  Edilma  Sena.
",negative
"Possui um excelente desempenho, realmente um produto de boa qualidade, lindo design, leve e atende a todas as minhas necessidades de estudo, ótimo também para o trabalho.
",positive
"Recomendo o produto notebook de excelente qualidade...
",positive
"Entrega dentro do prazo, produto de excelente qualidade, recomendo
",positive
"Pela primeira vez estou insatisfeita com uma compra nas lojas <empresa>! Paguei por um produto novo e foi me reenviado um reembalado! Não recomendo!
",negative
"Produto excelente, uma ótima aquisição. Comprei para meus sobrinhos que estão amando o produto. Atendeu as expectativas.
",positive
"Achei um pouco lento para a configuração, que comprei. Esperava uma velocidade melhor.
",negative
"Otimo de se trabalhar, simples, duravel e facil de formatar. E quem é o acefalo q em pleno 2018 quer colocar windows 7 num notebook com hardware anos na frente?
",positive
"Atendeu as minhas expectativas, desagner moderno, entrega antes do programado como sempre...   Parabéns <empresa>
",positive
"FOI 4 vezes para assistencia em menos de um ano e é  a 5 vez que estragou e atendente nao quis receber aparelho novamente estou aqui com computador estragado e botei GARANTIA ESTENDIDA PELA <empresa> E AI QUEM VAI RESOLVER MEU PROBLEMA?
",negative
"O produto foi entregue e está sendo usado sem problema.
",positive
"Produto muito bom, mas o hd que vem de fábrica é lento, precisei comprar um ssd para não ter problema de velocidade.
",negative
"produto muito bom, porem, na opção com linux deveria vir outro SO ao inves do Mandriva,por exemplo, Ubuntu ou mint
",negative
"Trabalho com fotografia, e para minhas edições uso programas com lihgtroom. Esse note cumpre bem o propósito. Lindo, eficiente e bom preço. Terminando de pagar esse comprarei mais um
",positive
"Para trabalhos domésticos, lazer e consultas escolares.
",positive
"Comprei a pouco tempo, mas o produto é muito bom, ele é super leve e compacto, apesar de ter uma tela de 14’. A entrega foi extremamente rápida.
",positive
"Sorte que comprei em um site seguro. Devolvi o produto é fui ressarcido o valor pago. <empresa> me garantiu a devolução .
",negative
"Produto excelente , ótimo para estudos , chegou antes do prazo
",positive
"Meu primeiro notebook e eu amei , essa marca é a melhor , recomendo , coloca sony no bolso
",positive
"Recomendo à todos, ótimo produto. Estou muito satisfeito!
",positive
"O produto é excelente, sem contar com a entrega, chegou aqui na minha casa com 10 dias de antecedência.  Ótimo Produto.
",positive
"Ótimo produto, entrega muito rápida e o preço  está ótimo, gostei muito.O site é bem simples e bem funcional!!
",positive
"O produto é ótimo, o maior problema encontrado são as atualizações que levam quase 24h para serem completadas. Realmente se for para uso imediato atrapalha. Quanto a funcionalidade até agora dentro do esperado.
",negative
"Atende aos objetivos por sua portabilidade e recursos
",positive
"O produto n chegou em minha residência já vai fazer 30 dias pós compra. Então n pode ser avaliado. No site das <empresa> já fiz várias reclamações e n surtiu efeito. No último contato de vcs a atendendo informou q estava procurando o produto junto com a transportadora ou seja esta perdido?? varios prazos foram pedido por vcs e n foi cumprido. Eu vou esperar até o dia 20/05 caso n chegar entrarei com uma ação por n entrega e por n devolver o valor pago. Essa foi a mimha primeira compra c vcs Não recomendo pra ninguém pela demora na entrega, pela resposta demorada nas reclamações, por n cumprir com o prazo, por n ter contato c a transportadora. Por prometer um prazo enganoso no anúncio entre vários outros. Não vou nem agradecer  no fim dessa mensagem para vcs entenderem o nível de insatisfação q estou. Há faltou eu informar q fui na filial no cabo de Santo Agostinho Onde o produto esta mas foi negado a entrega mesmo estando esse tempo todo atrasado.
",negative
"Cumpriu as funcionalidades descritas no site. O notebook é leve e prático para ser transportado. Boa capacidade de memória.
",positive
"O suso a um mês, e o segredo é desinstalar o windows 10 original e instalar novamente, já que não aceita outros,  assim vai dar pra instalar novos programas e ainda sobra cerca de 10 gb de espaço, aí funciona normalmente. Outras opções e usar cartão de memória e HD externo, Mas não recomendo pars quem procura um note razoável.
",negative
"""Chegou dentro do prazo, e em perfeito estado. Atende bem as minhas necessidades. É leve e com uma memória que serve bem aos meus objetivos. As vezes tenho a impressão que o cursor mouse """"some"""" por rápidos instantes, mas nunca tive problemas. Uma pena que não venha com windows """"fixo"""", vem apenas com o de teste por 30 dias e depois é preciso comprar ou formatar com nova instalação. Indico o produto.""
",positive
"Ele também tem leitor de cartão de memória,coisa que não é citada aí.
",positive
"Esse produto nao recomendo niguem comprar so conseguir usar ele quatro dias dai ele nao fucionol mais ja liguei pra empresa responsavel ficaram de mim retornar a ligacao e ate agora nada to com o notebook em casa quebrado quero uma providencia desde ja
",negative
"gostei muito do produto não tenho o reclamar o meu filho esta muito feliz
",positive
"Ótimo note pra quem quer apenas trabalhar, acessar a internet e de quando em vez assistir algum filme; pra estas tarefas ele executa tudo muito bem. Como é um note de entrada o processador Celeron deixa um pouco a desejar mas ainda assim é um ótimo aparelho ´para as funções comuns. Recomendado.
",positive
"Produto lindo e versátil. Atendeu as espectativas. Faltou só reprodutor de DVD... No mais de boa tecnologia.  Entrega antes do previsto, bem embalado. Qualidade da <empresa>
",positive
"Ótimo custo benefício. Só tive que formatar para ficar mais rápido.
",positive
"O notebook veio com defeito, não ligava, acessando direto a BIOS. Desse modo, tive que devolvê-lo e comprei um novo da marca Dell, esse sim de ótima qualidade.
",negative
"Venho por meio deste demonstrar minha insatisfação com este produto. Comprei com o intuito de usar como ferramenta de trabalho, acreditando que era o melhor produto de sua categoria mais fui surpreendido pela péssima qualidade. O computador trava constantemente, é muito lento e pesado e as vezes o windows nem carrega ou dá pane. Receio pelos inúmeros arquivos que tenho salvo no computador, que hoje é o servidor do meu escritório de contabilidade, onde guardo todos os dados dos meus clientes nele.
",negative
"Não posso avaliar o produto, motivo que foi enganado pela a loja <empresa>,o produto não foi entregue, foi comprado e pago Estou aguardando uma resposta com urgência. Atenciosamente:
",negative
"Tivemos que reentalar várias vezes o Windows 10 e por consequência os demais programas e arquivos
",negative
"Notebook excelente, não trava. Foi entregue perfeitamente. Por um erro meu, o correio voltou o produto para o remetende e o rapaz da empresa SÓ LEDS foi muito atencioso e me entregou este notebook maravilhoso rapidamente.  Estou muito satisfeita.
",positive
"GENTE! eu recomendo muito, o produto chegou antes da data e o melhor, é maravilhoso, lindo e moderno.
",positive
"produto excelente e chegou muito antes da data marcada
",positive
"pensei q a marca dell ia ser melhor , notebook muito lento p inicar , no começo trava muito ate carrregar para começar a navegaçao na net ,, lento p tdo , ate p baixar volume ou qlqer funçao clicada demora muito , nao vale apena ,,
",negative
"Está em atraso produto não chegou espero que resolvam logo esse problema Urgentemente é um descaso
",negative
"Com dias d uso a tela ficou escura, ao aumentar maximo brilho ficava piscando, mais 1 semana d assistencia tecnica, estou indo buscar, espero que tenham resolvido d vdd.
",negative
"Este é o terceiro notebook que possuo desta marca e agora estou totalmente insatisfeito. O produto apagou totalmente e fui obrigado a formatar novamente onde perdi todos os meus arquivos e programas. Recentemente deu defeito no teclado onde estou tendo dificuldades em digitar pois algumas teclas quando usadas repetem varias vzs e para piorar a situação não consigo achar Assistência Técnica Autorizada em minha cidade (Belém-Pa) para efetuar o conserto pois o mesmo ainda está na garantia.
",negative
"Notebook está funcionando perfeito e dentro das expectativas, por outro lado o ato da compra via <empresa> foi uma decisão correta, tudo ocorreu dentro do esperado, desde as informações iniciais sobre o pedido até a entrega, dentro do prazo e com o produto bem acondicionado na embalagem
",positive
"Ótimo note, entrega super rápida bem antes do que esperava.
",positive
"Produto conforme o esperado e muito compacto, super recomendo para quem quer um notebook intermediário!
",positive
"<empresa>, como posso atender a solicitação de avaliação de um produto que já fiz o pagamento à 30 dias e ainda não me foi entregue? O produto é muito bom, pois tenho um conhecido que usa, mas a entrega demora mais que importar da China!
",negative
"Máquina muito boa mais está apresentando um defeitinho (Listra no meio da tela de fora a fora)
",negative
"Prático para o dia-a-dia, por pesar cerca de 1,7kg e ter uma bateria boa, que dispensa levar o carregador. O processamento dá conta de sofwares de edição de vídeo, coisa que os notes de 1,2kg (chromebook, por exemplo) não dão conta.
",positive
"Por ser windows 10 e eu estava acostumada com o 7, ainda estou aprendendo a mexer nele, achei um pouco lento, porém pra minhas necessidades funciona super bem.
",positive
"O notebook é muito bonito e leve. A bateria tem boa duração. Serve para navegar e usar office, mas às vezes dá umas travadinhas. Em geral achei o processador muito fraco. Comprei por 999,00 na blackfriday. Então teve um bom custo benefício. Vou vender e comprar outro no mínimo um core i3.
",negative
"Ótimo Custo Benefício. Vale a pena o valor pago e a praticidade no tamanho para mobilidade.
",positive
"Não sei , pois o prazo de receber era até dia 07/05/2018 e até o presente momento nem como reclamar     Super insatisfeita quero meu dinheiro de volta , me sentindo ludibriado   Sempre compro no site das <empresa> por confia , por acha que é seguro   Paguei mais caro por prazo mais curto na entrega  Não consigo acompanha o produto pq só fica atualizando em fim   Super insatisfação
",negative
"NÃO RECEBI O PRODUTO ATÉ AGORA NÃO RECEBI O PRODUTO ATÉ AGORANÃO RECEBI O PRODUTO ATÉ AGORANÃO RECEBI O PRODUTO ATÉ AGORANÃO RECEBI O PRODUTO ATÉ AGORANÃO RECEBI O PRODUTO ATÉ AGORAvvvNÃO RECEBI O PRODUTO ATÉ AGORa
",negative
"Acertei na escolha do Computador. Excelente (funcionalmente e esteticamente).
",positive
"Há mais de um mês que efetuei a compra e ainda nem recebi o produto. Péssimo serviço de transportadora. A <empresa> caiu e muito o conceito de prestação de serviços. Pensarei bastante antes de realizar uma nova compra. A entrega fica muito a desejar. Quanto ao produto, se ainda receber, terei como avaliar. Mas se for algo de urgência, não comprem. Transportadora sem compromisso, não atualiza status e demora uma eternidade.
",negative
"Não posso avaliar o produto pq ainda não recebi. E até agora não me deram nenhuma posição.
",negative
"Ainda não recebi esse produto é até agora não obtive nenhuma resposta
",negative
"Estou muita chateada e vou correr atrás dos meus direitos, Comprei com uma configuração venho com uma inferior ,reclamei mandaram devolver que entregaria outro e me entregaram com a mesma configuração.
",negative
"Dei de presente pro meu filho que está na faculdade, ele ficou fascinado com o notebook...excelente design, sofisticado. Me deu ate vontade de comprar um pra mim. A nossa única preocupação é que ele é branco e não tem textura lisa mas rugosa, creio dificultando a limpeza. Mas ele é muito lindo branco.
",positive
"LINDO...MARAVILHOSO E ATENDENEU MINHAS ESPECTATIVAS!!
",positive
"Comprei para o meu filho, ele está adorando, tudo funcionando perfeitamente, além de ser lindo e a entrega foi realizada antes do prazo previsto.
",positive
"Já são mais de 10 dias de atraso. 13 pra ser mais preciso.
",negative
"estou usando ha um mes e estou amando.  super rapido .
",positive
"O custo do frete inibe a compra do equipamento, acima de R$ 400,00. Seria bom rever este critério, como também dar desconto para pagamento a vista n o Boleto
",negative
"É leve, rápido, e construído com materiais de boa qualidade.  Pontos negativos: As portas USB são muito apertadas, dificultando na hora de conectar e principalmente desconectar dispositivos. Poderia ter um SSD no lugar do HD tradicional.
",positive
"Não tem falando geração de processador , tipo de memoria e etc... como vou saber essas coisas? :(
",negative
"""Desde o início começou a esquentar além do normal. No quinto dia após a entrega """"morreu"""". Segundo a assistência da Positivo, a fonte teria queimado. Tenho uma amiga que teve um positivo e que nunca deu problema. Infelizmente, fui sorteada para receber um produto com defeito, mas, a agilidade das <empresa> em cancelar a compra foi surpreendente. Desde a solicitação, fui acompanhada até o estorno do valor no cartão de crédito. No mesmo dia fiz nova compra nas <empresa>...só que....agora escolhi um Dell.""
",negative
"Produto super prático e a entrega foi feita antes do previsto, já que estava até com medo de chegar atrasado por conta da greve mas deu tudo certo e como sempre recomendo a compra pela <empresa>!
",positive
"muito bom o produto chegou antes do prazo chegou em ótimo estado vale a pena eu recomento
",positive
"Apena poderiam colocar um teclado melhor. De resto é um otimo produto.
",negative
"Eu não estou conseguindo rastrear esse produto, favor me enviar localização desse objeto.
",negative
"o COMPUTADOR É MUITO BOM, PORÉM A ENTREGA DA <empresa>. COM É PÉSSIMA. DEMORARAM QUASE 10 DIAS A MAIS DO PRAZO PARA ENTREGAREM E NÃO RESPONDEM AS SOLICITAÇÕES SOBRE O ENVIO DO MESMO. PÉSSIMA EMPRESA PARA SE COMPRAR. NÃO RECOMENDO A <empresa> PARA NINGUÉM.
",negative
"Eu comprei para minha filha, e ela achou além de bonito é excelente para o trabalho dela
",positive
"Perfeito. Os melhores produtos só encontro aqui Fácil de instalar, chegou no prazo
",positive
"Recomendaria o produto se vocês me entregassem, há um mês atrás fiz a compra e até agora o status no rastreio é que o notebook não chegou a unidade dos Correios. Decepcionada com a <empresa> e o seu descaso ao atendimento ao cliente.
",negative
"Muito bom, recomendo para todas as tarefas, ótimo desempenho, rápido.
",positive
"DEPOIS QUE COMPREI UM EM 2012, ESPOSA E FILHA TEM DA MESMA MARCA.
",positive
"Produto atendeu minhas expectativas, é muito bom! Leve e de bom tamanho para transportar. Funciona muito bem, a bateria dura bastante. E a entrega foi super rápida, entregou em 4 dias (Lojas <empresa>). Super recomendo para quem quer um notebook para um uso de nível intermediário (que não vá rodar muitos programas de edição de imagem e vídeo).
",positive
"O pedido ainda não foi entregue e nem tem previsão e vocês mandam eu dar a opinião do produto? É uma piada? Já são quase duas semanas em atraso e nenhuma posição da loja.
",negative
"Compro sempre sempre nas <empresa> mas não sei se vou ainda comprar, pois o produto passou uma eternidade para chegar
",negative
"O produto é excelente e foi entregue sem problemas dentro do previsto.
",positive
"Um notebook que custa R$1650 com tela Full HD como esse já sai disparadamente á frente da concorrência não somente pela tela, mas pelo conjunto da obra: design, sistema operacional e possibilidade de upgrade, pois ao contrário de outras fabricantes, a Samsung criou essa facilidade com compartimentos acessíveis na parte inferior, ou seja, é só desparafusar uma pequena tampa. Para quem faz uso básico como assistir filmes, tarefas leves como enviar e-mail e acessar redes sociais esse notebook é perfeito. Porém, comprei para outra pessoa, pretendo comprar um mais robusto para meu uso profissional de edição de imagens e vídeos, ciente que esse modelo não atenderia, talvez o X51 Expert, mas não tem tela IPS. Espero que as fabricantes, inclusive a Samsung comecem a ofertar notebooks com tela IPS e SSD, pois é o mínimo que um profissional busca.
",positive
"Sempre que peço coisas pela as lojas <empresa> chegam sempre muito rápido e o notebook e excelente e surpreendeu minha expectativa é  e super rápido .
",positive
"ótimo para estudo e entretenimento! Prático e fácil de manusear, o único problema é que o Pacote Office tem validade e necessita ser comprado.
",positive
"Produto com defeito, quase 1 mês e ainda não resolveram meu problema
",negative
"Estou muito satisfeito com a compra e também estou muito satisfeito com a agilidade da entrega, notebook muito bom e ágil para as tarefas que preciso fazer no mesmo, recomendo a compra.
",positive
"Ótimo produto. Boa relação custo x benefício. Vale a pena.
",positive
"Produto excelente... leve.. rápido.. com muito espaço...o serviço de suporte assistido é fantástico... atendente virtual te ajuda com tudo...  O único ponto que eu colocaria era que poderia ter o Office instalado... pois é um pacote básico para qualquer computador. Não precisa ser o mais top, mas uma versão onde possa-se se usar o básico do word e excel...
",positive
"Excelente aparelho além de lindo. Entrega no prazo.  Eu recomendo
",positive
"Produto moderno, bonito e de facil uso, superou minhas expectativas e.
",positive
"Não é top, mas é um bom produto é com possibilidade de expansão
",positive
"Ótimo notebook muito bom para jogos não travou nenhum dos meus jogos!
",positive
"Nao dura uma hs. Contatei a equipe e nao resolveram.
",negative
"É um produto muito bom, alia qualidade a preço acessível.
",positive
"Maior arrependimento da vida ter comprado essa porcaria. Notebook lento, não dá nem pra usar internet e Word ao mesmo tempo que trava. Não tem nem dois meses sofrendo com esse notebook que já vou ter que levar na assistência simplesmente porque não liga mais. Não tenho nenhum programa baixado, nenhum jogo; uso apenas pra estudar e aconteceu isso.
",negative
"""Comprei com a promessa de garantia à domicílio, porém ao acionar, eles não resolvem, joga a todo momento a responsabilidade para o cliente e você fica """"na mão"""". A <empresa> também foi péssima, não auxiliou o cliente (de longa data), porém, não comprem nem produto DELL, muito menos do site <empresa>""
",negative
"Poderia sair a tela mas é bem rápido e compacto. Muito bom
",positive
"Excelente produto, desempenho otimo...batetia dura em media 8 hs. O que deixou a desejar foi a demora de quase 2 semanas apos a data prevista pra entrega..<empresa> poderia rever isso...  Fora tdo ocorrido da entrega, recomendo o produto.  DELL É DELL
",positive
"A Dell caiu muito em qualidade não compro mais dessa marca. Quanto ao produto, não sei se era uma peça reoperada e/ou deixaram cair em algum momento pois veio com duas bolhas de proteção estourada dentro da caixa e com o plástico que o envolvia rasgado, sem falar que não veio com as proteções adesivas na tampa nem com a proteção do teclado, como todos produtos novos tem.  Não compro mais eletrônico pela internet pois o transporte pode tê-lo danificado, pois não funcionou direito, só deu problemas me causando imenso transtorno.   O barato sai caro!  Quando a esmola é demais o santo desconfia! Isso vale para todos produtos de sites, quando anunciados muito abaixo do valor real!  Decepcionada!
",negative
"Atendeu todas as minhas expectativas, chegou muito rápido
",positive
"Como avaliar um produto que não é entregue? Me explica? A única coisa que posso avaliar é o péssimo serviço prestado pela Empresa <empresa>.
",negative
"ATEndeu minhas necessidades , gostei do noteboook .
",positive
"quero devolução do meu dinheiro NÃO recebi  me devolvam meu dinheiro  passou do prazo
",negative
"Produto chegou em um dia queimou no outro, péssima qualidade. Cancelei a troca para receber um vale compra e comprar um notebook melhor.
",negative
"Até o momento possui um desenvolvimento bem satisfatório, colocando o Windows 10 nele fica perfeito!
",positive
"Recomendo... produto de qualidade e entrega rápida.
",positive
"Comprei e me arrependi. O computador apresenta erro de tela azul constante, o atendimento concierge que eles prometem é igual ao normal e já estou há 2 meses sendo enrolada pela Samsung, pois como não existe previsão de conserto (dizem que é incompatibilidade de SO, e que só uma atualização do windows estabilizaria ele) pedi meu dinheiro de volta.
",negative
"Produto de excelente qualidade, facil navegação, leve, com muito espaço para armazenamento.
",positive
"exelete notebook para atividades mais simples. Perfeito para navegar na internet ,editar arquivos de texto e planilhas eletronicas. som de ótima qualidade.  para jogos básicos é bem razoável. (testei com o CS-Go, no minimo roda a 50-60fps)  com um SSD fica muito rápido , iniciando em menos de 20 segundos.  Ponto negativo: Bateria (dura por volta de 4 horas) Ponto positivo: Design muito bonito, fino e portátil.   Recomendo!
",positive
"Pra dar pra minha filha de 10 anos jogar Minecraft...
",positive
"Entrega rápida, recomendo para quem precisa com urgência.
",positive
"Produto ótimo e a entrega chega antes do prazo previsto.
",positive
"Super atendeu as minhas expectativas e necessidades
",positive
"Como posso eu avaliar algo que ate entao nao recebi. Sendo que estava agendado para o dia 14/04.e ate agora NADA!!!
",negative
"Produto de excelente qualidade! Recomendo pois é de fácil uso e superou minhas expectativas para as minhas atividades diárias !
",positive
"Na verdade não comprei para mim. Mas a pessoa que está usando diz que é muito bom e o preço também.
",positive
"Estou muito revoltado com a Dell e me sentindo enganado por essa empresa. Não é possível que em um ano de compra e uso, este computador não sirva pra mais nada. Levo quase trinta minutos só para entrar na internet. Não aguento ser enganado, saber que 2.600 reais foram para o lixo comprando um produto de vocês é revoltante.  p.s.: não gostei desda primeira semana de compra.
",negative
"Como é que vocês têm coragem de me perguntar isso? Estou há mais de 7 dias esperando pelo produto de acordo com o prazo de entrega. Contabilizados 30 dias sem o produto
",negative
"O notebook não tem nem 2 meses está travando muito, é impossível mexer com o notebook dessa forma, hora tá lento hora tá bom, trava de uma forma que só desligando de vez pra vê se melhora. Estou muito arrependido de ter feito a compra desse produto, achei que iria ser uma boa escolha mais sinceramente já tô passando raiva, que fique aqui registrado minha reclamação que também vou registrar no suporte deles e se não tiver nenhuma solução vou também abrir no reclame aqui pra vê se vão resolver. Não sei se é só o meu notebook que está assim porque se for realmente foi um grande azar meu.
",negative
"Super Rápido e excelente produto. Entrega chegou antes.
",positive
"Produto ótimo, entrega rápida gostei da atenção da empresa.
",positive
"O anúncio está péssimo. Não tem informação nenhuma a respeito das configurações.
",negative
"Gostei muito, além de lindo, é muito eficiente, estou adorando.
",positive
"Desempenho e performance dentro do esperado. Bom para programar e jogar.
",positive
"produto de ótima qualidade e durabilidade,parabéns.
",positive
,positive
